<?xml version="1.0" encoding="UTF-8" ?>
<module>
    <name>get3metatagupdater</name>
    <displayName><![CDATA[Aktualizacja Meta dla Produkt&oacute;w]]></displayName>
    <version><![CDATA[1.1.2]]></version>
    <description><![CDATA[Aktualizacja meta tag&oacute;w produktu. Jeśli tagi nie istnieją, moduł wygeneruje tagi z tytułu i opisu.]]></description>
    <author><![CDATA[get3code.com]]></author>
    <tab><![CDATA[administration]]></tab>
    <is_configurable>1</is_configurable>
    <need_instance>0</need_instance>
	<limited_countries></limited_countries>
</module>