<?xml version="1.0" encoding="UTF-8" ?>
<module>
    <name>mockupgenerator</name>
    <displayName><![CDATA[G&eacute;n&eacute;rateur d&#039;images &agrave; partir de mockups]]></displayName>
    <version><![CDATA[1.0.2]]></version>
    <description><![CDATA[G&eacute;n&egrave;re des images de produits &agrave; partir de mockups.]]></description>
    <author><![CDATA[Wanted Design]]></author>
    <tab><![CDATA[front_office_features]]></tab>
	<confirmUninstall><![CDATA[Êtes-vous sûr(e) de vouloir désinstaller ?]]></confirmUninstall>
    <is_configurable>0</is_configurable>
    <need_instance>0</need_instance>
	<limited_countries></limited_countries>
</module>